<?xml version="1.0" encoding="UTF-8"?>
<project-private xmlns="http://www.netbeans.org/ns/project-private/1">
    <editor-bookmarks xmlns="http://www.netbeans.org/ns/editor-bookmarks/2" lastBookmarkId="0"/>
    <open-files xmlns="http://www.netbeans.org/ns/projectui-open-files/2">
        <group>
            <file>file:/home/alumno/Escritorio/MaciasRodriguezAlejandroJAVA01/src/Datos/Data.java</file>
            <file>file:/home/alumno/Escritorio/MaciasRodriguezAlejandroJAVA01/src/Datos/Question.java</file>
            <file>file:/home/alumno/Escritorio/MaciasRodriguezAlejandroJAVA01/src/Vista/AskUser.java</file>
            <file>file:/home/alumno/Escritorio/MaciasRodriguezAlejandroJAVA01/src/Controladora/Control.java</file>
            <file>file:/home/alumno/Escritorio/MaciasRodriguezAlejandroJAVA01/src/Vista/AskQuestion.java</file>
            <file>file:/home/alumno/Escritorio/MaciasRodriguezAlejandroJAVA01/src/Vista/FinalWindow.java</file>
        </group>
    </open-files>
</project-private>
