<?xml version="1.0" encoding="UTF-8"?>
<project-private xmlns="http://www.netbeans.org/ns/project-private/1">
    <editor-bookmarks xmlns="http://www.netbeans.org/ns/editor-bookmarks/2" lastBookmarkId="0"/>
    <open-files xmlns="http://www.netbeans.org/ns/projectui-open-files/2">
        <group>
            <file>file:/C:/Users/Juanfri/Desktop/Practica%2001/src/practica/pkg01/Concesionario.java</file>
            <file>file:/C:/Users/Juanfri/Desktop/Practica%2001/src/practica/pkg01/Automovil.java</file>
            <file>file:/C:/Users/Juanfri/Desktop/Practica%2001/src/practica/pkg01/Terminal.java</file>
        </group>
    </open-files>
</project-private>
