<?xml version="1.0" encoding="UTF-8"?>
<project-private xmlns="http://www.netbeans.org/ns/project-private/1">
    <editor-bookmarks xmlns="http://www.netbeans.org/ns/editor-bookmarks/2" lastBookmarkId="0"/>
    <open-files xmlns="http://www.netbeans.org/ns/projectui-open-files/2">
        <group>
            <file>file:/home/alumno/Escritorio/Practica%2003/src/Vista/Base.java</file>
            <file>file:/home/alumno/Escritorio/Practica%2003/src/Controlador/Lista.java</file>
            <file>file:/home/alumno/Escritorio/Practica%2003/src/Modelo/Cuenta.java</file>
            <file>file:/home/alumno/Escritorio/Practica%2003/src/Vista/MainFrame.java</file>
            <file>file:/home/alumno/Escritorio/Practica%2003/src/Controlador/Nodo.java</file>
        </group>
    </open-files>
</project-private>
